timestamp_utc,Open,High,Low,Close,Volume
2026-07-08T13:30:00Z,384.07501220703125,385.2900085449219,381.3299865722656,382.260009765625,5814519
2026-07-08T14:30:00Z,382.2200012207031,383.8500061035156,381.7300109863281,382.05999755859375,2595983
2026-07-08T15:30:00Z,382.0675048828125,382.9700012207031,381.55999755859375,382.489990234375,1515923
2026-07-08T16:30:00Z,382.44000244140625,383.5899963378906,381.54998779296875,383.489990234375,2857431
2026-07-08T17:30:00Z,383.489990234375,384.04998779296875,382.9949951171875,383.8299865722656,1861676
2026-07-08T18:30:00Z,383.864013671875,384.55999755859375,382.6499938964844,383.46990966796875,1742317
2026-07-08T19:30:00Z,383.45001220703125,383.739990234375,382.6700134277344,383.04998779296875,2448865
2026-07-09T13:30:00Z,374.45001220703125,379.32000732421875,373.3500061035156,376.5450134277344,8028279
2026-07-09T14:30:00Z,376.5450134277344,380.2799987792969,376.1050109863281,380.125,2938166
2026-07-09T15:30:00Z,380.1300048828125,380.6000061035156,378.9501037597656,379.6700134277344,1924213
2026-07-09T16:30:00Z,379.659912109375,380.9100036621094,379.1700134277344,380.83349609375,1852275
2026-07-09T17:30:00Z,380.81298828125,381.25,380.2538146972656,380.6400146484375,1956506
2026-07-09T18:30:00Z,380.6600036621094,382.4200134277344,380.4200134277344,382.385009765625,3057536
2026-07-09T19:30:00Z,382.385009765625,384.6499938964844,382.3500061035156,384.3500061035156,3247344
2026-07-10T13:30:00Z,387.79998779296875,391.875,383.489990234375,384.32000732421875,5914770
2026-07-10T14:30:00Z,384.3599853515625,384.5899963378906,381.5,382.9100036621094,2603560
2026-07-10T15:30:00Z,382.9100036621094,385.06988525390625,382.8900146484375,384.6000061035156,2677118
2026-07-10T16:30:00Z,384.56500244140625,385.760009765625,384.1000061035156,384.1499938964844,2056112
2026-07-10T17:30:00Z,384.1499938964844,385.19000244140625,383.1225891113281,385.05999755859375,1953041
2026-07-10T18:30:00Z,385.0299987792969,385.6400146484375,384.7749938964844,385.1199951171875,1920540
2026-07-10T19:30:00Z,385.10150146484375,385.7099914550781,384.7799987792969,385.0799865722656,1895310
2026-07-13T13:30:00Z,387.7250061035156,391.04998779296875,384.1499938964844,385.6000061035156,5574463
2026-07-13T14:30:00Z,385.6600036621094,391.1400146484375,385.4200134277344,391.0400085449219,3309142
2026-07-13T15:30:00Z,391.0400085449219,392.44500732421875,390.30999755859375,392.2900085449219,2846929
2026-07-13T16:30:00Z,392.3299865722656,393.57000732421875,391.57000732421875,392.5350036621094,3017238
2026-07-13T17:30:00Z,392.54998779296875,392.7799987792969,391.3699951171875,392.3699951171875,1816753
2026-07-13T18:30:00Z,392.3699951171875,393.6400146484375,390.3599853515625,390.3699951171875,2736876
2026-07-13T19:30:00Z,390.3699951171875,391.6400146484375,389.5899963378906,390.9800109863281,3056592
2026-07-14T13:30:00Z,382.5050048828125,385.6000061035156,378.6499938964844,384.6549987792969,7985625
2026-07-14T14:30:00Z,384.6099853515625,387.7499084472656,384.4949951171875,385.8500061035156,2938422
2026-07-14T15:30:00Z,385.8599853515625,386.6499938964844,384.1400146484375,386.6199951171875,2186300
2026-07-14T16:30:00Z,386.6199951171875,388.19000244140625,386.20001220703125,386.7445983886719,1965763
2026-07-14T17:30:00Z,386.7200012207031,387.6300048828125,386.260009765625,386.8999938964844,1556580
2026-07-14T18:30:00Z,386.8999938964844,386.95001220703125,384.95001220703125,386.1304016113281,1815574
2026-07-14T19:30:00Z,386.1050109863281,386.2294921875,384.7300109863281,384.95001220703125,3065468
2026-07-15T13:30:00Z,387.79998779296875,397.6400146484375,386.3999938964844,395.0400085449219,7982499
2026-07-15T14:30:00Z,395.010009765625,397.9100036621094,393.65008544921875,396.75,4739366
2026-07-15T15:30:00Z,396.7799987792969,398.9599914550781,395.7799987792969,397.6549987792969,3822444
2026-07-15T16:30:00Z,397.69000244140625,397.8299865722656,394.17999267578125,396.44500732421875,2948650
2026-07-15T17:30:00Z,396.44500732421875,397.1499938964844,395.25,396.5150146484375,2772298
2026-07-15T18:30:00Z,396.5,397.1199951171875,394.8299865722656,395.5585021972656,2955006
2026-07-15T19:30:00Z,395.57000732421875,396.3800048828125,394.6400146484375,395.6199951171875,3166535
2026-07-16T13:30:00Z,398.0799865722656,398.7099914550781,392.05010986328125,395.9800109863281,6747822
2026-07-16T14:30:00Z,396.0199890136719,399.6400146484375,395.9200134277344,398.92999267578125,3175947
2026-07-16T15:30:00Z,398.9949951171875,400.8599853515625,395.6300048828125,400.7226867675781,2770783
2026-07-16T16:30:00Z,400.7300109863281,404.45001220703125,400.7049865722656,403.75,4130490
2026-07-16T17:30:00Z,403.75,404.75,402.0,404.0599060058594,3553226
2026-07-16T18:30:00Z,404.0150146484375,405.989990234375,401.73199462890625,401.75,4810296
2026-07-16T19:30:00Z,401.75,401.8399963378906,399.0,401.1199951171875,4061571
2026-07-17T13:30:00Z,394.8550109863281,398.3900146484375,391.2200012207031,392.92999267578125,9850765
2026-07-17T14:30:00Z,392.94000244140625,393.489990234375,389.3900146484375,391.1400146484375,4339882
2026-07-17T15:30:00Z,391.06500244140625,393.0199890136719,390.95001220703125,392.6199951171875,2465107
2026-07-17T16:30:00Z,392.6000061035156,394.92608642578125,392.4100036621094,394.6600036621094,2269010
2026-07-17T17:30:00Z,394.6600036621094,395.9700012207031,394.5299987792969,394.7950134277344,2021550
2026-07-17T18:30:00Z,394.739990234375,395.6400146484375,393.95001220703125,395.6199951171875,2665740
2026-07-17T19:30:00Z,395.5899963378906,395.8999938964844,393.7300109863281,393.7699890136719,2702878
2026-07-20T13:30:00Z,391.1000061035156,395.239990234375,389.6700134277344,394.32501220703125,5599843
2026-07-20T14:30:00Z,394.3599853515625,398.1300048828125,394.07049560546875,397.7466125488281,3154227
2026-07-20T15:30:00Z,397.69000244140625,401.760009765625,397.07000732421875,401.489990234375,2642229
2026-07-20T16:30:00Z,401.489990234375,403.17999267578125,400.2200927734375,401.8900146484375,3070950
2026-07-20T17:30:00Z,401.9200134277344,402.3900146484375,400.80010986328125,401.9549865722656,1978133
2026-07-20T18:30:00Z,401.9549865722656,402.2300109863281,399.840087890625,401.2300109863281,2702900
2026-07-20T19:30:00Z,401.239990234375,402.67999267578125,400.70001220703125,402.510009765625,3545264
2026-07-21T13:30:00Z,398.80499267578125,401.4700012207031,396.32000732421875,401.0799865722656,5441392
2026-07-21T14:30:00Z,401.0299987792969,401.32000732421875,398.04998779296875,398.739990234375,3003287
2026-07-21T15:30:00Z,398.67498779296875,400.04998779296875,397.4142150878906,398.0199890136719,2576629
2026-07-21T16:30:00Z,398.0,399.6300048828125,397.7145080566406,399.4549865722656,1690620
2026-07-21T17:30:00Z,399.4549865722656,399.54998779296875,398.260009765625,398.7900085449219,1301703
2026-07-21T18:30:00Z,398.7650146484375,399.6000061035156,397.9800109863281,399.510009765625,1658113
2026-07-21T19:30:00Z,399.55499267578125,399.6499938964844,397.1199951171875,397.6400146484375,2152495
2026-07-22T13:30:00Z,399.5799865722656,401.0,389.5,389.67498779296875,5164460
2026-07-22T14:30:00Z,389.67498779296875,390.3399963378906,388.2001037597656,389.6300048828125,3282609
2026-07-22T15:30:00Z,389.6300048828125,389.67999267578125,388.0899963378906,389.0199890136719,2366510
2026-07-22T16:30:00Z,389.010009765625,389.6000061035156,387.1499938964844,387.8100891113281,2815958
2026-07-22T17:30:00Z,387.95001220703125,388.5899963378906,386.9700012207031,388.57000732421875,1638887
2026-07-22T18:30:00Z,388.5799865722656,389.8900146484375,388.17999267578125,389.4200134277344,2603531
2026-07-22T19:30:00Z,389.3999938964844,390.8399963378906,388.2900085449219,390.2799987792969,3315679
2026-07-23T13:30:00Z,389.9649963378906,391.7799987792969,382.8999938964844,383.2200012207031,6941831
2026-07-23T14:30:00Z,383.20001220703125,384.09991455078125,377.3999938964844,378.5950012207031,5222903
2026-07-23T15:30:00Z,378.6300048828125,381.1499938964844,377.8699951171875,380.6289978027344,3212428
2026-07-23T16:30:00Z,380.5299987792969,382.1499938964844,379.8399963378906,381.4649963378906,1533998
2026-07-23T17:30:00Z,381.4599914550781,381.739990234375,380.6700134277344,381.6099853515625,1697594
2026-07-23T18:30:00Z,381.5849914550781,382.2001037597656,380.69000244140625,380.9750061035156,2341738
2026-07-23T19:30:00Z,380.9599914550781,382.45001220703125,379.42999267578125,381.42999267578125,3233535
2026-07-24T13:30:00Z,387.04998779296875,389.0299987792969,380.6499938964844,381.7049865722656,7696715
2026-07-24T14:30:00Z,381.7049865722656,386.0299987792969,381.69189453125,385.2200012207031,3438503
2026-07-24T15:30:00Z,385.22601318359375,385.6899108886719,383.489990234375,385.1499938964844,1963676
2026-07-24T16:30:00Z,385.1600036621094,385.2898864746094,383.54998779296875,384.17999267578125,1797448
2026-07-24T17:30:00Z,384.1997985839844,384.92999267578125,383.70001220703125,383.95001220703125,1523825
2026-07-24T18:30:00Z,383.94000244140625,384.95001220703125,383.4002990722656,383.4002990722656,2211398
2026-07-24T19:30:00Z,383.3999938964844,383.7749938964844,381.4200134277344,381.739990234375,3201612
2026-07-27T13:30:00Z,390.07000732421875,393.3424987792969,387.989990234375,390.3599853515625,6774288
2026-07-27T14:30:00Z,390.3599853515625,393.8949890136719,389.2300109863281,393.5199890136719,3670617
2026-07-27T15:30:00Z,393.5199890136719,393.739990234375,389.3999938964844,390.4599914550781,2658294
2026-07-27T16:30:00Z,390.4599914550781,392.3299865722656,390.29010009765625,391.54791259765625,1862338
2026-07-27T17:30:00Z,391.5199890136719,394.20001220703125,391.5199890136719,392.7200012207031,2815555
2026-07-27T18:30:00Z,392.7210998535156,394.1000061035156,391.20001220703125,391.3399963378906,2299083
2026-07-27T19:30:00Z,391.3487854003906,391.5,388.8399963378906,389.1300048828125,2951159
2026-07-28T13:30:00Z,393.1600036621094,400.2099914550781,391.29998779296875,395.5150146484375,9088311
2026-07-28T14:30:00Z,395.510009765625,400.1650085449219,394.7200012207031,399.9599914550781,3839115
2026-07-28T15:30:00Z,399.9599914550781,400.32000732421875,396.1199951171875,398.1099853515625,3080438
2026-07-28T16:30:00Z,398.1000061035156,398.9200134277344,397.489990234375,398.07000732421875,1816759
2026-07-28T17:30:00Z,398.0899963378906,399.5400085449219,396.95001220703125,397.5299987792969,2413457
2026-07-28T18:30:00Z,397.510009765625,398.0,392.6000061035156,392.8699951171875,3421029
2026-07-28T19:30:00Z,392.8299865722656,393.82000732421875,392.3699951171875,393.4700012207031,3251958
2026-07-29T13:30:00Z,393.3999938964844,394.2799987792969,388.7430114746094,392.489990234375,6478536
2026-07-29T14:30:00Z,392.5199890136719,395.82000732421875,392.3299865722656,394.6400146484375,3734853
2026-07-29T15:30:00Z,394.614990234375,395.6600036621094,392.80499267578125,395.6600036621094,2912337
2026-07-29T16:30:00Z,395.6600036621094,397.17999267578125,393.6300048828125,396.1650085449219,4137541
2026-07-29T17:30:00Z,396.1400146484375,399.135009765625,395.44000244140625,398.6600036621094,5501914
2026-07-29T18:30:00Z,398.69000244140625,401.25,395.82000732421875,395.9700012207031,4857493
2026-07-29T19:30:00Z,395.95001220703125,396.2900085449219,389.3599853515625,392.3999938964844,6213730
2026-07-30T13:30:00Z,438.5,451.7250061035156,432.44000244140625,449.8900146484375,45559586
2026-07-30T14:30:00Z,449.8900146484375,452.2349853515625,443.6499938964844,444.489990234375,16504730
2026-07-30T15:30:00Z,444.4849853515625,456.489990234375,444.3699951171875,455.2900085449219,10202996
2026-07-30T16:30:00Z,455.29998779296875,456.45001220703125,452.94000244140625,455.95001220703125,6255351
2026-07-30T17:30:00Z,455.989990234375,458.69000244140625,455.360107421875,458.1700134277344,6491131
2026-07-30T18:30:00Z,458.20001220703125,458.2900085449219,454.67999267578125,456.760009765625,6401199
2026-07-30T19:30:00Z,456.760009765625,457.0426025390625,450.3699951171875,451.4800109863281,8199295
2026-07-31T13:30:00Z,449.5849914550781,462.95001220703125,449.552001953125,453.31500244140625,15052306
2026-07-31T14:30:00Z,453.3900146484375,458.9200134277344,450.69000244140625,457.82501220703125,6666607
2026-07-31T15:30:00Z,457.82501220703125,464.79998779296875,456.5400085449219,463.6549987792969,6488585
2026-07-31T16:30:00Z,463.6099853515625,464.364990234375,461.0299987792969,463.6000061035156,4063238
2026-07-31T17:30:00Z,463.6000061035156,463.760009765625,460.0,462.92999267578125,3571646
2026-07-31T18:30:00Z,462.9100036621094,463.760009765625,461.1099853515625,462.19000244140625,4695694
2026-07-31T19:30:00Z,462.1499938964844,466.8399963378906,461.6099853515625,464.9200134277344,7705597
2026-08-03T13:30:00Z,476.3949890136719,491.3699951171875,475.17498779296875,484.7900085449219,22071432
2026-08-03T14:30:00Z,484.8599853515625,487.6000061035156,481.60009765625,485.625,6923231
2026-08-03T15:30:00Z,485.6300048828125,488.2900085449219,483.0299987792969,487.5299987792969,4998641
2026-08-03T16:30:00Z,487.5199890136719,489.9649963378906,487.3475036621094,489.1099853515625,5348792
2026-08-03T17:30:00Z,489.1050109863281,490.7699890136719,487.6300048828125,490.6700134277344,4732362
2026-08-03T18:30:00Z,490.7049865722656,491.6400146484375,488.2300109863281,490.0450134277344,5290935
2026-08-03T19:30:00Z,490.04998779296875,490.29998779296875,487.0,487.6000061035156,5337570
2026-08-04T13:30:00Z,480.7550048828125,495.8800048828125,479.1700134277344,493.70001220703125,13763181
2026-08-04T14:30:00Z,493.7349853515625,499.4399108886719,493.5799865722656,498.625,7340485
2026-08-04T15:30:00Z,498.6600036621094,498.7300109863281,495.8999938964844,495.94000244140625,3510203
2026-08-04T16:30:00Z,495.8900146484375,496.3699951171875,494.20001220703125,495.2575988769531,2922550
2026-08-04T17:30:00Z,495.2799987792969,497.5400085449219,494.3999938964844,497.3301086425781,2511794
2026-08-04T18:30:00Z,497.3699951171875,497.79998779296875,495.9100036621094,496.8399963378906,3789756
2026-08-04T19:30:00Z,496.82000732421875,497.19000244140625,492.30999755859375,492.82000732421875,4710578
2026-08-05T13:30:00Z,496.3550109863281,498.2099914550781,487.2117919921875,489.54998779296875,7177177
2026-08-05T14:30:00Z,489.5199890136719,492.5299987792969,489.3800048828125,492.44000244140625,5702113
2026-08-05T15:30:00Z,492.3399963378906,492.4049987792969,487.67999267578125,489.0199890136719,2443334
2026-08-05T16:30:00Z,488.9949951171875,489.5,487.3999938964844,488.3399963378906,2066453
2026-08-05T17:30:00Z,488.2699890136719,490.44000244140625,485.67999267578125,489.7998962402344,3305182
2026-08-05T18:30:00Z,489.75,491.07000732421875,489.1600036621094,489.9590148925781,2438242
2026-08-05T19:30:00Z,489.8900146484375,491.489990234375,487.17999267578125,487.4599914550781,3778458
2026-08-06T13:30:00Z,488.8900146484375,498.4800109863281,488.5249938964844,496.5899963378906,7852314
2026-08-06T14:30:00Z,496.5101013183594,498.9700012207031,494.60009765625,496.4700012207031,4186992
2026-08-06T15:30:00Z,496.4700012207031,496.760009765625,494.4200134277344,494.75,1847325
2026-08-06T16:30:00Z,494.7099914550781,497.1099853515625,493.5,496.4119873046875,2100255
2026-08-06T17:30:00Z,496.42999267578125,497.7900085449219,495.38861083984375,497.3399963378906,3219271
2026-08-06T18:30:00Z,497.3398132324219,498.989990234375,496.3500061035156,498.8800048828125,3207604
2026-08-06T19:30:00Z,498.8949890136719,501.55499267578125,497.30999755859375,499.8599853515625,5933797
2026-08-07T13:30:00Z,499.2099914550781,505.17999267578125,499.1199951171875,504.1000061035156,6288752
2026-08-07T14:30:00Z,504.0,504.8500061035156,501.54998779296875,502.0299987792969,3026151
2026-08-07T15:30:00Z,502.0085144042969,503.989990234375,501.9205017089844,503.0,2199260
2026-08-07T16:30:00Z,503.0350036621094,503.25,498.80999755859375,499.760009765625,2293300
2026-08-07T17:30:00Z,499.7539978027344,500.8900146484375,498.7300109863281,499.69000244140625,1550901
2026-08-07T18:30:00Z,499.7049865722656,501.92999267578125,498.8500061035156,501.17999267578125,2030567
2026-08-07T19:30:00Z,501.17999267578125,501.9200134277344,499.69000244140625,499.8900146484375,2959331
2026-08-10T13:30:00Z,503.44000244140625,512.7899780273438,502.5,512.4285888671875,7846944
2026-08-10T14:30:00Z,512.4000244140625,513.7260131835938,507.739990234375,509.4910888671875,3783264
2026-08-10T15:30:00Z,509.57000732421875,511.1549987792969,509.0400085449219,509.8399963378906,1997500
2026-08-10T16:30:00Z,509.79998779296875,510.17999267578125,506.5000915527344,508.32000732421875,3443925
2026-08-10T17:30:00Z,508.32000732421875,508.5899963378906,504.62298583984375,505.0079040527344,2361699
2026-08-10T18:30:00Z,505.0249938964844,508.38250732421875,504.32501220703125,504.3429870605469,2006767
2026-08-10T19:30:00Z,504.3500061035156,506.9800109863281,504.0299987792969,505.9700012207031,2456097
2026-08-11T13:30:00Z,504.0050048828125,505.3299865722656,499.54998779296875,501.5050048828125,4349286
2026-08-11T14:30:00Z,501.5799865722656,504.5,500.79998779296875,501.55999755859375,2504469
2026-08-11T15:30:00Z,501.55999755859375,502.73260498046875,500.2699890136719,500.739990234375,1759743
2026-08-11T16:30:00Z,500.7300109863281,502.7049865722656,500.7001037597656,502.6199951171875,1543452
2026-08-11T17:30:00Z,502.6400146484375,503.6199951171875,501.8999938964844,501.9840087890625,1896573
2026-08-11T18:30:00Z,501.9400939941406,503.7300109863281,501.9200134277344,502.9530029296875,1955330
2026-08-11T19:30:00Z,502.8599853515625,504.3900146484375,502.0799865722656,503.80999755859375,2821072
2026-08-12T13:30:00Z,500.239990234375,501.5,491.9501037597656,495.875,6816702
2026-08-12T14:30:00Z,495.8288879394531,496.5,492.8800048828125,493.20001220703125,2787539
2026-08-12T15:30:00Z,493.19500732421875,494.0198974609375,492.0799865722656,493.9200134277344,1820182
2026-08-12T16:30:00Z,493.9100036621094,494.9750061035156,493.0899963378906,493.2300109863281,1777064
2026-08-12T17:30:00Z,493.239990234375,493.5899963378906,491.5199890136719,492.1250915527344,1669748
2026-08-12T18:30:00Z,492.135009765625,494.6400146484375,491.8005065917969,494.2650146484375,2167446
2026-08-12T19:30:00Z,494.2650146484375,494.4700012207031,492.0299987792969,492.44000244140625,2575654
2026-08-13T13:30:00Z,493.2650146484375,501.3399963378906,493.25,498.4700012207031,5180602
2026-08-13T14:30:00Z,498.5050048828125,499.4200134277344,493.44000244140625,493.8558044433594,2454324
2026-08-13T15:30:00Z,493.8851013183594,495.8699951171875,493.7799987792969,494.69000244140625,2063282
2026-08-13T16:30:00Z,494.67999267578125,494.9200134277344,494.0,494.5,739556
2026-08-13T17:30:00Z,494.4849853515625,494.55999755859375,493.010009765625,493.135009765625,1642837
2026-08-13T18:30:00Z,493.13250732421875,497.79998779296875,493.1099853515625,497.1600036621094,2086166
2026-08-13T19:30:00Z,497.19000244140625,498.54998779296875,495.9049987792969,496.80999755859375,2590809
2026-08-14T13:30:00Z,496.3550109863281,500.010009765625,493.92498779296875,498.7699890136719,3741032
2026-08-14T14:30:00Z,498.7200012207031,499.6400146484375,497.4599914550781,497.6499938964844,1788115
2026-08-14T15:30:00Z,497.7049865722656,499.2799987792969,496.79998779296875,497.67999267578125,1334999
2026-08-14T16:30:00Z,497.67498779296875,497.79998779296875,495.67999267578125,495.80999755859375,791522
2026-08-14T17:30:00Z,495.7850036621094,496.3399963378906,495.3699951171875,495.42999267578125,790699
2026-08-14T18:30:00Z,495.44000244140625,495.7699890136719,494.6700134277344,495.3599853515625,1047394
2026-08-14T19:30:00Z,495.3599853515625,495.5899963378906,494.6499938964844,495.4200134277344,1487162
2026-08-17T13:30:00Z,490.2174987792969,492.6600036621094,482.5299987792969,482.57501220703125,5737808
2026-08-17T14:30:00Z,482.5849914550781,484.9100036621094,481.6700134277344,484.55999755859375,3465308
2026-08-17T15:30:00Z,484.6600036621094,485.25,482.5450134277344,482.6600036621094,1834961
2026-08-17T16:30:00Z,482.6700134277344,482.82000732421875,479.07000732421875,479.3599853515625,3061737
2026-08-17T17:30:00Z,479.32000732421875,479.989990234375,478.4100036621094,479.44000244140625,1697782
2026-08-17T18:30:00Z,479.42401123046875,481.760009765625,479.2300109863281,481.0249938964844,2066253
2026-08-17T19:30:00Z,481.0249938964844,481.0899963378906,479.3500061035156,480.5400085449219,2630960
2026-08-18T13:30:00Z,481.5400085449219,484.2699890136719,477.1505126953125,481.1499938964844,4719081
2026-08-18T14:30:00Z,481.0299987792969,482.7699890136719,479.8900146484375,481.9700012207031,2112095
2026-08-18T15:30:00Z,481.9750061035156,482.79998779296875,480.5199890136719,481.9949951171875,1672484
2026-08-18T16:30:00Z,481.9700012207031,482.3599853515625,481.1700134277344,481.69500732421875,1151943
2026-08-18T17:30:00Z,481.70001220703125,482.7749938964844,481.5799865722656,482.510009765625,1223992
2026-08-18T18:30:00Z,482.4849853515625,483.7947082519531,481.2950134277344,483.1651916503906,1862031
2026-08-18T19:30:00Z,483.20001220703125,483.760009765625,481.0220031738281,481.92999267578125,2874155
2026-08-19T13:30:00Z,479.80999755859375,484.80999755859375,479.54998779296875,481.864990234375,4399200
2026-08-19T14:30:00Z,481.864990234375,484.989990234375,481.739990234375,483.9700012207031,1580147
2026-08-19T15:30:00Z,483.9700012207031,489.2900085449219,483.635009765625,486.8800964355469,2274457
2026-08-19T16:30:00Z,486.95001220703125,487.0199890136719,482.8699951171875,483.4549865722656,1347910
2026-08-19T17:30:00Z,483.4599914550781,484.6549987792969,482.8900146484375,484.0400085449219,1350096
2026-08-19T18:30:00Z,484.0589904785156,484.8299865722656,483.3700866699219,483.75,1437882
2026-08-19T19:30:00Z,483.7200012207031,484.6700134277344,482.92999267578125,484.4800109863281,2634725
2026-08-20T13:30:00Z,483.0,484.1600036621094,479.75,482.19390869140625,2796815
2026-08-20T14:30:00Z,482.1700134277344,483.010009765625,479.5,479.8599853515625,1527532
2026-08-20T15:30:00Z,479.9198913574219,481.6300048828125,479.7650146484375,481.29998779296875,1153540
2026-08-20T16:30:00Z,481.2200012207031,484.0,480.7300109863281,481.94500732421875,1271916
2026-08-20T17:30:00Z,481.94500732421875,482.5,480.4750061035156,481.44500732421875,934621
2026-08-20T18:30:00Z,481.44000244140625,482.5400085449219,481.20001220703125,482.06500244140625,1307038
2026-08-20T19:30:00Z,482.04998779296875,482.3999938964844,480.6199951171875,481.3789978027344,3209865
2026-08-21T13:30:00Z,479.8800048828125,485.489990234375,478.5299987792969,483.32000732421875,5370443
2026-08-21T14:30:00Z,483.30999755859375,486.3599853515625,481.0199890136719,483.8349914550781,2203309
2026-08-21T15:30:00Z,483.8550109863281,485.7950134277344,483.6499938964844,484.2699890136719,1656110
2026-08-21T16:30:00Z,484.29998779296875,484.989990234375,483.04998779296875,484.2200012207031,1985177
2026-08-21T17:30:00Z,484.1300048828125,484.17999267578125,480.7247009277344,481.2998962402344,2775742
2026-08-21T18:30:00Z,481.2300109863281,483.4549865722656,480.8800048828125,482.9100036621094,1582562
2026-08-21T19:30:00Z,482.9100036621094,484.3399963378906,482.7799987792969,483.3500061035156,1518858
2026-08-24T13:30:00Z,483.2049865722656,487.8999938964844,481.8599853515625,485.5899963378906,2900681
2026-08-24T14:30:00Z,485.45001220703125,489.54998779296875,485.2200012207031,489.3399963378906,2040271
2026-08-24T15:30:00Z,489.32501220703125,490.6050109863281,488.42999267578125,489.1400146484375,2015189
2026-08-24T16:30:00Z,489.1400146484375,489.54998779296875,487.7699890136719,488.7799987792969,1117232
2026-08-24T17:30:00Z,488.7900085449219,488.94000244140625,487.2799987792969,488.5849914550781,905602
2026-08-24T18:30:00Z,488.6199951171875,489.1600036621094,487.3399963378906,488.7099914550781,1066062
2026-08-24T19:30:00Z,488.7550048828125,489.0899963378906,487.2699890136719,487.3399963378906,1505041
2026-08-25T13:30:00Z,485.56500244140625,490.1499938964844,484.29998779296875,486.9649963378906,4367336
2026-08-25T14:30:00Z,486.82000732421875,490.39990234375,486.20001220703125,489.3900146484375,2024395
2026-08-25T15:30:00Z,489.3883056640625,489.7149963378906,488.45001220703125,489.4801025390625,934793
2026-08-25T16:30:00Z,489.5350036621094,490.7650146484375,488.6499938964844,489.8599853515625,1169741
2026-08-25T17:30:00Z,489.8900146484375,491.6199951171875,487.30999755859375,489.9549865722656,2149773
2026-08-25T18:30:00Z,490.0,490.8662109375,489.67999267578125,490.1835021972656,870370
2026-08-25T19:30:00Z,490.1650085449219,492.43499755859375,490.1000061035156,491.5,1665691
2026-08-26T13:30:00Z,487.8500061035156,497.139892578125,487.30999755859375,493.6499938964844,6623636
2026-08-26T14:30:00Z,493.6199951171875,495.6300048828125,493.3399963378906,494.9949951171875,1566720
2026-08-26T15:30:00Z,494.9949951171875,495.5299987792969,493.739990234375,493.8817138671875,1355878
2026-08-26T16:30:00Z,493.864990234375,494.75,493.55029296875,494.739990234375,985841
2026-08-26T17:30:00Z,494.7449951171875,495.0491027832031,493.56500244140625,494.3800048828125,838661
2026-08-26T18:30:00Z,494.3550109863281,496.5899963378906,493.9200134277344,496.139892578125,1209905
2026-08-26T19:30:00Z,496.0899963378906,497.3999938964844,495.79998779296875,496.1700134277344,1757044
2026-08-27T13:30:00Z,494.6549987792969,505.3999938964844,490.0799865722656,505.05999755859375,6859546
2026-08-27T14:30:00Z,505.125,505.3999938964844,499.9100036621094,500.3299865722656,3291791
2026-08-27T15:30:00Z,500.260009765625,502.57000732421875,498.010009765625,502.364990234375,1838824
2026-08-27T16:30:00Z,502.3599853515625,504.70001220703125,502.3500061035156,503.2799987792969,1573923
2026-08-27T17:30:00Z,503.32501220703125,505.989990234375,501.3699951171875,502.5,1950954
2026-08-27T18:30:00Z,502.45001220703125,506.4700012207031,502.04901123046875,505.5,2148960
2026-08-27T19:30:00Z,505.5,506.20001220703125,504.4949951171875,504.8800048828125,2556711
2026-08-28T13:30:00Z,505.3299865722656,513.1400146484375,504.86749267578125,510.7156066894531,5514811
2026-08-28T14:30:00Z,510.6600036621094,516.2899780273438,510.260009765625,515.3117065429688,4262078
2026-08-28T15:30:00Z,515.3400268554688,517.1400146484375,514.0399780273438,516.4948120117188,3254103
2026-08-28T16:30:00Z,516.469970703125,517.780029296875,515.77001953125,517.1599731445312,2232717
2026-08-28T17:30:00Z,517.1300048828125,517.5999755859375,514.385009765625,514.7249755859375,2154707
2026-08-28T18:30:00Z,514.7249755859375,515.22998046875,512.9000244140625,513.2899780273438,2721440
2026-08-28T19:30:00Z,513.2901000976562,514.5599975585938,512.5,513.6699829101562,4343317
2026-08-31T13:30:00Z,510.32501220703125,511.67999267578125,507.30999755859375,509.3699951171875,4415583
2026-08-31T14:30:00Z,509.30999755859375,512.1900024414062,508.7300109863281,510.82000732421875,1780335
2026-08-31T15:30:00Z,510.8399963378906,511.2699890136719,509.2099914550781,510.60009765625,1154905
2026-08-31T16:30:00Z,510.6499938964844,511.7300109863281,509.489990234375,510.6799011230469,1232181
2026-08-31T17:30:00Z,510.6700134277344,512.1900024414062,510.0400085449219,510.9200134277344,1277994
2026-08-31T18:30:00Z,510.8900146484375,511.3800048828125,509.7049865722656,510.5950012207031,1846954
2026-08-31T19:30:00Z,510.57000732421875,510.5950012207031,506.3999938964844,507.32000732421875,3800862
2026-09-01T13:30:00Z,498.010009765625,505.9700012207031,496.7799987792969,504.2200012207031,5580405
2026-09-01T14:30:00Z,504.2250061035156,504.59649658203125,499.8999938964844,501.17999267578125,1845029
2026-09-01T15:30:00Z,501.2200012207031,501.3125,499.3999938964844,500.7052917480469,1515573
2026-09-01T16:30:00Z,500.8299865722656,501.2099914550781,499.0,500.9750061035156,1127567
2026-09-01T17:30:00Z,500.9750061035156,502.07000732421875,500.4800109863281,501.3699951171875,1078458
2026-09-01T18:30:00Z,501.32000732421875,501.5,500.0369873046875,500.8699951171875,1399019
2026-09-01T19:30:00Z,500.8800048828125,501.7900085449219,500.0199890136719,501.1499938964844,1772297
2026-09-02T13:30:00Z,500.1700134277344,500.2699890136719,495.29998779296875,497.7900085449219,3446671
2026-09-02T14:30:00Z,497.7200012207031,498.8299865722656,496.2799987792969,497.04998779296875,1550134
2026-09-02T15:30:00Z,497.0199890136719,497.2300109863281,493.80999755859375,494.17999267578125,1654053
2026-09-02T16:30:00Z,494.25,496.97918701171875,493.8599853515625,496.4599914550781,1210059
2026-09-02T17:30:00Z,496.45001220703125,497.8500061035156,495.9150085449219,496.1050109863281,1051407
2026-09-02T18:30:00Z,496.11090087890625,497.44000244140625,494.8500061035156,497.1549987792969,1158191
2026-09-02T19:30:00Z,497.2200012207031,497.5,496.3039855957031,496.80999755859375,1358486
2026-09-03T13:30:00Z,502.1400146484375,512.9199829101562,500.79998779296875,510.1697998046875,5565121
2026-09-03T14:30:00Z,510.1199951171875,513.27001953125,507.739990234375,512.719970703125,2794532
2026-09-03T15:30:00Z,512.719970703125,514.969970703125,512.0,512.1799926757812,2627548
2026-09-03T16:30:00Z,512.1500244140625,512.5,509.67999267578125,510.1000061035156,1147287
2026-09-03T17:30:00Z,510.07281494140625,515.6400146484375,509.55999755859375,514.72998046875,2351674
2026-09-03T18:30:00Z,514.739990234375,514.739990234375,510.80999755859375,511.3699951171875,2617407
2026-09-03T19:30:00Z,511.3299865722656,511.3599853515625,509.5899963378906,510.0799865722656,1978913
2026-09-04T13:30:00Z,510.0,511.0,501.489990234375,501.68499755859375,3677599
2026-09-04T14:30:00Z,501.7349853515625,502.7950134277344,500.1200866699219,500.94500732421875,1633914
2026-09-04T15:30:00Z,500.989990234375,501.489990234375,499.6499938964844,501.1199951171875,1319182
2026-09-04T16:30:00Z,501.0840148925781,501.7300109863281,499.94000244140625,500.9049987792969,1078669
2026-09-04T17:30:00Z,500.9049987792969,501.19000244140625,499.7699890136719,499.8999938964844,923007
2026-09-04T18:30:00Z,499.9100036621094,500.909912109375,499.70001220703125,500.0199890136719,1121509
2026-09-04T19:30:00Z,500.0249938964844,500.67999267578125,499.3599853515625,499.67999267578125,2174971
2026-09-08T13:30:00Z,493.010009765625,495.19000244140625,490.19000244140625,490.5158996582031,3789792
2026-09-08T14:30:00Z,490.4599914550781,494.1400146484375,490.25,493.0799865722656,1757182
2026-09-08T15:30:00Z,493.1099853515625,493.3399963378906,491.1300048828125,491.2950134277344,1130143
2026-09-08T16:30:00Z,491.2900085449219,492.92498779296875,491.20001220703125,492.3299865722656,999851
2026-09-08T17:30:00Z,492.29998779296875,492.8999938964844,491.6199951171875,491.9100036621094,868919
2026-09-08T18:30:00Z,491.95001220703125,493.0799865722656,490.1499938964844,493.0799865722656,1214736
2026-09-08T19:30:00Z,493.05499267578125,494.17498779296875,492.8399963378906,494.0199890136719,2101799
2026-09-09T13:30:00Z,493.07000732421875,494.3900146484375,489.79998779296875,492.13079833984375,2562637
2026-09-09T14:30:00Z,492.1600036621094,493.79998779296875,491.45001220703125,492.1400146484375,1402231
2026-09-09T15:30:00Z,492.1400146484375,493.1400146484375,491.1000061035156,491.5199890136719,956735
2026-09-09T16:30:00Z,491.5,493.55999755859375,491.3800048828125,493.1050109863281,758004
2026-09-09T17:30:00Z,493.1099853515625,493.3817138671875,491.8999938964844,492.4599914550781,910503
2026-09-09T18:30:00Z,492.4599914550781,492.6000061035156,491.1099853515625,491.7149963378906,1003894
2026-09-09T19:30:00Z,491.75,491.94000244140625,490.8900146484375,491.7699890136719,1761858
2026-09-10T13:30:00Z,488.32000732421875,491.6700134277344,486.0,490.8800048828125,2805374
2026-09-10T14:30:00Z,490.8800048828125,493.40179443359375,490.8800048828125,492.3299865722656,1589134
2026-09-10T15:30:00Z,492.3900146484375,493.1767883300781,491.1116943359375,493.01849365234375,1163879
2026-09-10T16:30:00Z,492.989990234375,494.5199890136719,492.35321044921875,492.6400146484375,1625342
2026-09-10T17:30:00Z,492.614990234375,492.8500061035156,490.3299865722656,490.864990234375,897915
2026-09-10T18:30:00Z,490.864990234375,491.67999267578125,490.1199951171875,490.2699890136719,977233
2026-09-10T19:30:00Z,490.2699890136719,492.8599853515625,490.1400146484375,492.489990234375,1278039
2026-09-11T13:30:00Z,495.625,498.9700012207031,493.3160095214844,495.1300048828125,3347924
2026-09-11T14:30:00Z,495.0899963378906,496.8699951171875,492.5799865722656,496.7799987792969,1625563
2026-09-11T15:30:00Z,496.6600036621094,497.2300109863281,494.2699890136719,495.2749938964844,1615349
2026-09-11T16:30:00Z,495.3399963378906,495.8598937988281,494.1549987792969,495.2799987792969,213448
2026-09-11T17:30:00Z,495.29998779296875,495.9999084472656,494.6499938964844,495.9150085449219,672503
2026-09-11T18:30:00Z,495.9700012207031,497.3800048828125,495.6000061035156,497.1400146484375,888523
2026-09-11T19:30:00Z,497.07000732421875,497.5,495.5400085449219,495.5799865722656,1280557
2026-09-14T13:30:00Z,497.5,502.4175109863281,495.34161376953125,499.55499267578125,5003811
2026-09-14T14:30:00Z,499.54998779296875,504.4700012207031,498.3900146484375,503.7149963378906,2818112
2026-09-14T15:30:00Z,503.6499938964844,505.8399963378906,502.43011474609375,505.2950134277344,2407045
2026-09-14T16:30:00Z,505.2950134277344,509.1000061035156,505.1050109863281,508.9800109863281,2215788
2026-09-14T17:30:00Z,508.9599914550781,509.92999267578125,507.45001220703125,507.4507141113281,1665085
2026-09-14T18:30:00Z,507.5199890136719,507.8550109863281,505.6099853515625,507.2950134277344,1543714
2026-09-14T19:30:00Z,507.3157043457031,507.6650085449219,504.70001220703125,505.30999755859375,2751015
2026-09-15T13:30:00Z,500.00201416015625,505.8999938964844,498.20001220703125,499.125,3418123
2026-09-15T14:30:00Z,499.0409851074219,502.1300048828125,498.5299987792969,499.9849853515625,1588272
2026-09-15T15:30:00Z,500.010009765625,501.67999267578125,499.04998779296875,500.2749938964844,1627100
2026-09-15T16:30:00Z,500.2550048828125,501.3900146484375,499.0899963378906,499.1600036621094,942151
2026-09-15T17:30:00Z,499.1700134277344,499.70001220703125,497.5799865722656,498.7123107910156,1081610
2026-09-15T18:30:00Z,498.6300048828125,498.9800109863281,496.3900146484375,496.4599914550781,1122071
2026-09-15T19:30:00Z,496.4750061035156,497.6300048828125,495.5400085449219,497.1199951171875,2186229
2026-09-16T13:30:00Z,493.1700134277344,495.9200134277344,491.1300048828125,492.56500244140625,3168605
2026-09-16T14:30:00Z,492.6199951171875,494.8800048828125,492.010009765625,494.2900085449219,1584363
2026-09-16T15:30:00Z,494.2799987792969,494.75,493.1099853515625,493.5849914550781,991851
2026-09-16T16:30:00Z,493.5849914550781,494.29998779296875,493.1499938964844,493.79998779296875,803629
2026-09-16T17:30:00Z,493.82501220703125,494.4599914550781,492.7799987792969,493.6499938964844,853848
2026-09-16T18:30:00Z,493.610107421875,494.4700012207031,487.2300109863281,488.6400146484375,2133717
2026-09-16T19:30:00Z,488.6400146484375,490.7900085449219,488.2799987792969,490.3599853515625,2360885
2026-09-17T13:30:00Z,497.7950134277344,501.4700012207031,493.2749938964844,498.2149963378906,4151838
2026-09-17T14:30:00Z,498.2900085449219,499.3599853515625,494.6000061035156,495.80999755859375,1460890
2026-09-17T15:30:00Z,495.7950134277344,497.6463928222656,495.3700866699219,495.7300109863281,1226966
2026-09-17T16:30:00Z,495.7250061035156,496.239990234375,494.5299987792969,495.0398864746094,667858
2026-09-17T17:30:00Z,495.04998779296875,496.17999267578125,494.8800048828125,495.239990234375,799098
2026-09-17T18:30:00Z,495.2799987792969,496.6700134277344,494.6000061035156,496.0400085449219,1057211
2026-09-17T19:30:00Z,495.989990234375,499.04998779296875,495.75,498.4800109863281,1939478
2026-09-18T13:30:00Z,497.4700012207031,498.6499938964844,491.7518005371094,492.4150085449219,7093877
2026-09-18T14:30:00Z,492.3500061035156,494.3598937988281,491.1000061035156,493.9800109863281,2099234
2026-09-18T15:30:00Z,493.9599914550781,494.30999755859375,493.0,493.5350036621094,1711530
2026-09-18T16:30:00Z,493.5299987792969,494.5899963378906,492.8299865722656,494.239990234375,670833
2026-09-18T17:30:00Z,494.2099914550781,495.6000061035156,493.8169860839844,495.2699890136719,993137
2026-09-18T18:30:00Z,495.2699890136719,496.8999938964844,494.8900146484375,495.1499938964844,1529345
2026-09-18T19:30:00Z,495.1400146484375,495.739990234375,492.0199890136719,493.4599914550781,2434425
2026-09-21T13:30:00Z,495.5799865722656,497.3900146484375,491.5,493.4700012207031,4144808
2026-09-21T14:30:00Z,493.4750061035156,494.4200134277344,491.7300109863281,491.8599853515625,2631779
2026-09-21T15:30:00Z,491.8027038574219,494.7900085449219,491.3299865722656,494.4200134277344,2350433
2026-09-21T16:30:00Z,494.3800048828125,498.0400085449219,494.3800048828125,497.25,1666376
2026-09-21T17:30:00Z,497.25,499.4800109863281,496.42999267578125,498.30999755859375,1548974
2026-09-21T18:30:00Z,498.3349914550781,500.3800048828125,497.4800109863281,500.3399963378906,2304058
2026-09-21T19:30:00Z,500.30499267578125,501.8699951171875,499.5216064453125,501.6099853515625,2558292
2026-09-22T13:30:00Z,507.5150146484375,508.5,495.8999938964844,497.2699890136719,5345901
2026-09-22T14:30:00Z,497.32000732421875,498.0,494.2200012207031,495.2850036621094,2880161
2026-09-22T15:30:00Z,495.2200012207031,496.2300109863281,493.6499938964844,495.5400085449219,2007131
2026-09-22T16:30:00Z,495.5,497.3500061035156,495.3999938964844,496.9100036621094,1435997
2026-09-22T17:30:00Z,496.9649963378906,497.6499938964844,495.8999938964844,497.4200134277344,1132341
2026-09-22T18:30:00Z,497.4200134277344,499.20001220703125,497.30010986328125,499.05999755859375,1656229
2026-09-22T19:30:00Z,499.0400085449219,499.42999267578125,497.4750061035156,497.94000244140625,1503674
2026-09-23T13:30:00Z,500.7550048828125,509.44000244140625,495.8999938964844,496.70001220703125,6285544
2026-09-23T14:30:00Z,496.70001220703125,500.9800109863281,496.6200866699219,498.3349914550781,2120711
2026-09-23T15:30:00Z,498.3599853515625,499.66949462890625,497.7300109863281,498.5625,1092830
2026-09-23T16:30:00Z,498.5899963378906,500.29998779296875,498.1759948730469,499.2799987792969,1089102
2026-09-23T17:30:00Z,499.25,500.4700012207031,498.9100036621094,500.4330139160156,902372
2026-09-23T18:30:00Z,500.4150085449219,501.1499938964844,499.7300109863281,500.364990234375,1228987
2026-09-23T19:30:00Z,500.3699951171875,500.8599853515625,498.739990234375,500.7799987792969,1699863
2026-09-24T13:30:00Z,495.3900146484375,495.67999267578125,491.2200012207031,493.75,3915659
2026-09-24T14:30:00Z,493.7550048828125,495.6050109863281,492.92999267578125,494.6000061035156,2135037
2026-09-24T15:30:00Z,494.6199951171875,496.79998779296875,493.75,495.30499267578125,1537333
2026-09-24T16:30:00Z,495.30499267578125,496.9800109863281,494.8500061035156,495.95001220703125,1189100
2026-09-24T17:30:00Z,495.94000244140625,496.70001220703125,494.7099914550781,496.6000061035156,1098096
2026-09-24T18:30:00Z,496.55999755859375,498.10980224609375,496.1900939941406,497.7699890136719,1257743
2026-09-24T19:30:00Z,497.75,498.8800048828125,497.20001220703125,497.5849914550781,1773258
2026-09-25T13:30:00Z,499.1400146484375,517.47998046875,497.29998779296875,514.2249755859375,11566726
2026-09-25T14:30:00Z,514.280029296875,517.1799926757812,512.4400024414062,514.10009765625,4702356
2026-09-25T15:30:00Z,514.239990234375,516.7999877929688,512.719970703125,516.22998046875,2947344
2026-09-25T16:30:00Z,516.219970703125,519.4000244140625,515.5103759765625,516.4199829101562,5455622
2026-09-25T17:30:00Z,516.3499755859375,519.0800170898438,515.3300170898438,517.8699951171875,3164344
2026-09-25T18:30:00Z,517.8248901367188,518.5560302734375,515.35498046875,516.10498046875,2450244
2026-09-25T19:30:00Z,516.10498046875,516.8699951171875,515.3400268554688,516.0999755859375,3171077
2026-09-28T13:30:00Z,505.42498779296875,509.8399963378906,502.2200012207031,508.3089904785156,5539796
2026-09-28T14:30:00Z,508.2550048828125,510.29998779296875,505.45001220703125,509.1499938964844,2284035
2026-09-28T15:30:00Z,509.1600036621094,513.1799926757812,508.5899963378906,512.3300170898438,1453452
2026-09-28T16:30:00Z,512.2999877929688,513.3300170898438,511.0849914550781,511.8550109863281,1116554
2026-09-28T17:30:00Z,511.8500061035156,512.489990234375,511.0,511.1400146484375,1057304
2026-09-28T18:30:00Z,511.19000244140625,512.2299194335938,509.6400146484375,510.6700134277344,1257013
2026-09-28T19:30:00Z,510.6700134277344,510.70001220703125,508.5950012207031,509.4700012207031,1872153
2026-09-29T13:30:00Z,508.1300048828125,510.0957946777344,502.3999938964844,508.82000732421875,3498645
2026-09-29T14:30:00Z,508.7699890136719,513.6400146484375,507.6600036621094,508.3800048828125,2428192
2026-09-29T15:30:00Z,508.3100891113281,510.2950134277344,508.1000061035156,508.7550048828125,1560413
2026-09-29T16:30:00Z,508.75,509.72900390625,504.3999938964844,506.19000244140625,1622153
2026-09-29T17:30:00Z,506.1099853515625,507.6000061035156,505.19000244140625,507.1099853515625,1133408
2026-09-29T18:30:00Z,507.0299987792969,511.6499938964844,506.9100036621094,511.39068603515625,2542160
2026-09-29T19:30:00Z,511.3800048828125,511.4725036621094,507.814697265625,509.0400085449219,3125484
2026-09-30T13:30:00Z,510.79998779296875,519.8297119140625,510.3299865722656,518.530029296875,5277373
2026-09-30T14:30:00Z,518.530029296875,519.0999755859375,516.5399780273438,518.6300048828125,1986661
2026-09-30T15:30:00Z,518.6699829101562,519.47998046875,517.3200073242188,517.6798706054688,1506660
2026-09-30T16:30:00Z,517.64501953125,518.4149780273438,516.3427124023438,516.9299926757812,956851
2026-09-30T17:30:00Z,516.9400024414062,519.0399780273438,516.8505859375,518.25,1256431
2026-09-30T18:30:00Z,518.2349853515625,518.6599731445312,516.7899780273438,517.25,1410488
2026-09-30T19:30:00Z,517.2227783203125,517.5349731445312,517.1199951171875,517.4849853515625,64279
