source_date,Open,High,Low,Close,Volume
2017-02-02T00:00:00Z,8.747599601745605,8.747599601745605,8.69573974609375,8.748809814453125,0
2017-03-10T00:00:00Z,9.044480323791504,9.044480323791504,8.985509872436523,9.0455904006958,0
2017-08-28T00:00:00Z,7.9440999031066895,7.981949806213379,7.9440999031066895,7.943999767303467,0
2018-06-29T00:00:00Z,9.030329704284668,9.031290054321289,8.925000190734863,9.031330108642578,0
2018-07-02T00:00:00Z,8.953869819641113,9.0278902053833,8.953700065612793,8.948100090026855,0
2018-09-18T00:00:00Z,8.921460151672363,8.921870231628418,8.87870979309082,8.92240047454834,0
2018-10-02T00:00:00Z,8.94342041015625,9.025460243225098,8.941300392150879,8.940899848937988,0
2018-12-28T00:00:00Z,9.013030052185059,9.013030052185059,8.935799598693848,9.014430046081543,0
2019-01-07T00:00:00Z,8.951250076293945,8.952949523925781,8.896699905395508,8.95359992980957,0
2019-02-06T00:00:00Z,9.111300468444824,9.178939819335938,9.111000061035156,9.10990047454834,0
2019-07-25T00:00:00Z,9.423080444335938,9.460450172424316,9.419899940490723,9.419599533081055,0
2019-09-13T00:00:00Z,9.631609916687012,9.632479667663574,9.581000328063965,9.632749557495117,0
2019-09-30T00:00:00Z,9.78656005859375,9.832110404968262,9.784000396728516,9.782600402832031,0
2020-02-14T00:00:00Z,9.670180320739746,9.720720291137695,9.66996955871582,9.668950080871582,0
2020-04-21T00:00:00Z,10.020079612731934,10.133999824523926,10.018070220947266,10.016670227050781,0
2020-05-01T00:00:00Z,9.766070365905762,9.836310386657715,9.759340286254883,9.756819725036621,0
2020-09-03T00:00:00Z,8.714940071105957,8.774749755859375,8.714940071105957,8.714059829711914,0
2020-12-24T00:00:00Z,8.28279972076416,8.285019874572754,8.2529296875,8.287910461425781,0
2021-03-05T00:00:00Z,8.499290466308594,8.56350040435791,8.490519523620605,8.487119674682617,0
2021-05-17T00:00:00Z,8.322250366210938,8.367259979248047,8.321800231933594,8.320549964904785,0
2021-07-01T00:00:00Z,8.532179832458496,8.585630416870117,8.532179832458496,8.531990051269531,0
2021-10-18T00:00:00Z,8.607379913330078,8.668450355529785,8.607379913330078,8.606550216674805,0
2021-10-19T00:00:00Z,8.659500122070312,8.659500122070312,8.586299896240234,8.66012954711914,0
2022-02-15T00:00:00Z,9.3779296875,9.383099555969238,9.257100105285645,9.385849952697754,0
2022-02-24T00:00:00Z,9.388839721679688,9.639989852905273,9.388839721679688,9.388310432434082,0
2022-03-02T00:00:00Z,9.636130332946777,9.763819694519043,9.62660026550293,9.62261962890625,0
2022-04-29T00:00:00Z,9.88329029083252,9.878339767456055,9.739500045776367,9.88329029083252,0
2022-05-19T00:00:00Z,10.046500205993652,10.042550086975098,9.889200210571289,10.046500205993652,0
2023-01-09T00:00:00Z,10.515689849853516,10.514849662780762,10.355130195617676,10.515689849853516,0
2023-01-23T00:00:00Z,10.275190353393555,10.276860237121582,10.206199645996094,10.277130126953125,0
2023-02-06T00:00:00Z,10.511930465698242,10.654600143432617,10.526900291442871,10.511930465698242,0
2023-06-02T00:00:00Z,10.806900024414062,10.805999755859375,10.680999755859375,10.806900024414062,0
2023-12-04T00:00:00Z,10.3643798828125,10.468879699707031,10.36538028717041,10.3643798828125,0
2024-01-15T00:00:00Z,10.27550983428955,10.318460464477539,10.278019905090332,10.27550983428955,0
2024-01-16T00:00:00Z,10.320639610290527,10.438039779663086,10.325909614562988,10.320639610290527,0
2024-01-29T00:00:00Z,10.432000160217285,10.503829956054688,10.431349754333496,10.427300453186035,0
2024-04-30T00:00:00Z,10.928460121154785,10.999099731445312,10.929780006408691,10.928460121154785,0
2024-07-08T00:00:00Z,10.492879867553711,10.551619529724121,10.47249984741211,10.460800170898438,0
2024-07-22T00:00:00Z,10.646900177001953,10.736869812011719,10.648300170898438,10.646900177001953,0
2024-08-21T00:00:00Z,10.100000381469727,10.253499984741211,10.140689849853516,10.100000381469727,0
2024-12-19T00:00:00Z,11.13070011138916,11.128700256347656,10.99487018585205,11.13070011138916,0
2024-12-26T00:00:00Z,11.001919746398926,11.097579956054688,11.024450302124023,11.001919746398926,0
2025-04-08T00:00:00Z,10.06863021850586,10.062740325927734,9.937569618225098,10.06863021850586,0
2025-05-13T00:00:00Z,9.822870254516602,9.81676959991455,9.720600128173828,9.822870254516602,0
2025-07-11T00:00:00Z,9.497579574584961,9.558389663696289,9.49802017211914,9.497579574584961,0
2025-07-17T00:00:00Z,9.71448040008545,9.778719902038574,9.714810371398926,9.71448040008545,0
2025-09-02T00:00:00Z,9.38029956817627,9.488510131835938,9.382880210876465,9.38029956817627,0
2025-10-08T00:00:00Z,9.401359558105469,9.453880310058594,9.40137004852295,9.401359558105469,0
2025-10-15T00:00:00Z,9.541449546813965,9.541210174560547,9.461270332336426,9.541449546813965,0
2025-11-04T00:00:00Z,9.484729766845703,9.5764799118042,9.48486042022705,9.484729766845703,0
2025-11-10T00:00:00Z,9.53419017791748,9.540740013122559,9.485960006713867,9.540889739990234,0
2025-12-05T00:00:00Z,9.42300033569336,9.42300033569336,9.385199546813965,9.424030303955078,0
2026-03-12T00:00:00Z,9.237409591674805,9.34961986541748,9.237409591674805,9.236920356750488,0
2026-04-27T00:00:00Z,9.23781967163086,9.24055004119873,9.17704963684082,9.241800308227539,0
2026-05-12T00:00:00Z,9.220450401306152,9.315449714660645,9.220450401306152,9.215880393981934,0
2026-08-17T00:00:00Z,9.514780044555664,9.514780044555664,9.4762601852417,9.515649795532227,0
